{
    "name": "Coffeehouse with an extra dose of Sheeran, but with none of the bad stuff",
    "main": "DeDup-7",
    "components": {
        "SpotifyPlaylist-1": {
            "name": "SpotifyPlaylist-1",
            "type": "SpotifyPlaylist",
            "params": {
                "name": "Your favorite coffeehouse"
            },
            "extra": {
                "x": 115,
                "y": 43
            },
            "maxInputs": 0,
            "minInputs": 0,
            "maxOutputs": 1
        },
        "SpotifyPlaylist-2": {
            "name": "SpotifyPlaylist-2",
            "type": "SpotifyPlaylist",
            "params": {
                "name": "My banned tracks",
                "user": "plamere"
            },
            "extra": {
                "x": 283,
                "y": 158
            },
            "maxInputs": 0,
            "minInputs": 0,
            "maxOutputs": 1
        },
        "TrackFilter-3": {
            "name": "TrackFilter-3",
            "type": "TrackFilter",
            "params": {},
            "extra": {
                "x": 496,
                "y": 91.00000000000006
            },
            "maxInputs": 2,
            "minInputs": 2,
            "maxOutputs": 1,
            "true_source": "Alternate-4",
            "false_source": "SpotifyPlaylist-2"
        },
        "Alternate-4": {
            "name": "Alternate-4",
            "type": "Alternate",
            "params": {
                "fail_fast": true
            },
            "extra": {
                "x": 285,
                "y": 68.00000000000006
            },
            "maxInputs": 20,
            "minInputs": 1,
            "maxOutputs": 1,
            "source_list": [
                "SpotifyPlaylist-1",
                "EchoNestArtist-6"
            ]
        },
        "EchoNestArtist-6": {
            "name": "EchoNestArtist-6",
            "type": "EchoNestArtist",
            "params": {
                "count": 20,
                "artist": "Ed Sheeran"
            },
            "extra": {
                "x": 116,
                "y": 132
            },
            "maxInputs": 0,
            "minInputs": 0,
            "maxOutputs": 1
        },
        "DeDup-7": {
            "name": "DeDup-7",
            "type": "DeDup",
            "params": {
                "by_name": false
            },
            "extra": {
                "x": 674,
                "y": 93
            },
            "maxInputs": 1,
            "minInputs": 1,
            "maxOutputs": 1,
            "source": "TrackFilter-3"
        }
    },
    "extra": {
        "createdOn": 1437576428295,
        "lastRun": 1437576698875,
        "runs": 0,
        "errors": 0,
        "uri": null
    }
}