{
    "name": "Combine two playlists",
    "main": "DeDup-1",
    "components": {
        "SpotifyPlaylist-1": {
            "name": "SpotifyPlaylist-1",
            "type": "SpotifyPlaylist",
            "params": {
                "name": "Morning Commute"
            },
            "extra": {
                "x": 59,
                "y": 38
            },
            "maxInputs": 0,
            "minInputs": 0,
            "maxOutputs": 1
        },
        "Alternate-3": {
            "name": "Alternate-3",
            "type": "Alternate",
            "params": {
                "fail_fast": true
            },
            "extra": {
                "x": 225,
                "y": 76
            },
            "maxInputs": 20,
            "minInputs": 1,
            "maxOutputs": 1,
            "source_list": [
                "SpotifyPlaylist-1",
                "SpotifyPlaylist-2"
            ]
        },
        "DeDup-1": {
            "name": "DeDup-1",
            "type": "DeDup",
            "params": {
                "by_name": false
            },
            "extra": {
                "x": 374,
                "y": 77
            },
            "maxInputs": 1,
            "minInputs": 1,
            "maxOutputs": 1,
            "source": "Alternate-3"
        },
        "SpotifyPlaylist-2": {
            "name": "SpotifyPlaylist-2",
            "type": "SpotifyPlaylist",
            "params": {
                "name": "Your favorite coffeehouse"
            },
            "extra": {
                "x": 62,
                "y": 119
            },
            "maxInputs": 0,
            "minInputs": 0,
            "maxOutputs": 1
        }
    },
    "extra": {
        "createdOn": 1437547363068,
        "lastRun": 1437802916220,
        "runs": 2,
        "errors": 0,
        "uri": "spotify:user:plamere:playlist:5Qaz6m4zjtLkHUqsvTkld1"
    }
}